,Date,Price,Open,High,Low,Vol.,Change %
0,2022-08-19,95.78,96.8,97.84,94.26,,-0.84%
1,2022-08-18,96.59,93.29,97.42,93.05,208.55K,3.14%
2,2022-08-17,93.65,92.67,94.48,91.51,199.19K,1.42%
3,2022-08-16,92.34,94.01,95.95,91.71,217.75K,-2.90%
4,2022-08-15,95.1,97.72,98.17,92.78,217.57K,-3.11%
5,2022-08-12,98.15,99.33,100.38,96.94,188.13K,-1.46%
6,2022-08-11,99.6,97.04,100.17,96.63,219.42K,2.26%
7,2022-08-10,97.4,96.34,97.97,93.63,247.74K,1.13%
8,2022-08-09,96.31,96.36,98.4,94.9,219.67K,-0.35%
9,2022-08-08,96.65,94.51,96.82,93.01,201.25K,1.82%
10,2022-08-05,94.92,93.65,96.4,92.78,216.20K,0.85%
11,2022-08-04,94.12,97.1,97.66,93.2,264.81K,-2.75%
12,2022-08-03,96.78,99.73,102.41,96.5,293.11K,-3.74%
13,2022-08-02,100.54,99.87,102.41,98.49,229.68K,0.51%
14,2022-08-01,100.03,103.92,104.43,99.09,272.84K,-9.07%
15,2022-07-29,110.01,108.0,110.67,106.9,9.13K,2.68%
16,2022-07-28,107.14,107.31,109.06,106.0,80.84K,0.49%
17,2022-07-27,106.62,104.75,107.86,103.73,77.69K,2.13%
18,2022-07-26,104.4,104.73,107.34,103.99,110.00K,-0.71%
19,2022-07-25,105.15,103.85,105.38,101.64,123.67K,1.89%
20,2022-07-22,103.2,103.86,105.72,101.9,137.24K,-0.64%
21,2022-07-21,103.86,106.49,106.78,101.5,228.70K,-2.86%
22,2022-07-20,106.92,107.07,107.45,105.08,186.70K,-0.40%
23,2022-07-19,107.35,105.74,107.61,103.6,226.40K,1.02%
24,2022-07-18,106.27,100.82,106.48,99.46,213.50K,5.05%
25,2022-07-15,101.16,99.91,102.64,98.17,218.09K,2.08%
26,2022-07-14,99.1,99.43,100.39,94.5,318.79K,-0.47%
27,2022-07-13,99.57,98.5,101.21,98.28,247.47K,0.08%
28,2022-07-12,99.49,106.25,106.56,98.9,275.62K,-7.11%
29,2022-07-11,107.1,107.0,107.7,103.64,194.66K,0.07%
30,2022-07-08,107.02,104.65,107.47,103.67,238.35K,2.26%
31,2022-07-07,104.65,100.14,106.35,98.5,279.66K,3.93%
32,2022-07-06,100.69,104.88,105.85,98.5,350.30K,-2.02%
33,2022-07-05,102.77,113.54,114.75,101.1,428.84K,-9.45%
34,2022-07-04,113.5,111.65,114.0,110.4,100.59K,1.68%
35,2022-07-01,111.63,109.49,112.45,108.03,235.42K,-2.77%
36,2022-06-30,114.81,116.01,116.67,114.22,7.11K,-1.25%
37,2022-06-29,116.26,117.96,120.41,115.2,54.34K,-1.46%
38,2022-06-28,117.98,115.74,118.27,115.72,65.76K,2.51%
39,2022-06-27,115.09,112.92,116.08,111.26,118.10K,1.74%
40,2022-06-24,113.12,110.04,114.0,109.24,134.18K,2.79%
41,2022-06-23,110.05,109.58,112.7,108.04,195.92K,-1.51%
42,2022-06-22,111.74,114.4,114.45,107.03,293.05K,-2.54%
43,2022-06-21,114.65,114.21,116.25,114.02,204.03K,0.46%
44,2022-06-20,114.13,113.88,114.5,111.52,161.60K,0.89%
45,2022-06-17,113.12,119.13,121.25,111.72,319.91K,-5.58%
46,2022-06-16,119.81,119.65,120.29,115.56,276.68K,1.10%
47,2022-06-15,118.51,120.79,121.88,117.75,231.06K,-2.20%
48,2022-06-14,121.17,121.88,125.19,118.91,291.26K,-0.90%
49,2022-06-13,122.27,121.94,123.7,118.93,257.11K,0.21%
50,2022-06-10,122.01,122.89,124.33,119.81,294.28K,-0.86%
51,2022-06-09,123.07,123.6,124.34,122.5,218.98K,-0.41%
52,2022-06-08,123.58,120.65,124.4,120.45,256.29K,2.50%
53,2022-06-07,120.57,119.94,121.37,118.55,276.72K,0.89%
54,2022-06-06,119.51,121.55,121.95,118.77,204.09K,-0.18%
55,2022-06-03,119.72,118.22,121.45,116.02,141.66K,1.79%
56,2022-06-02,117.61,115.02,118.46,112.45,216.90K,1.14%
57,2022-06-01,116.29,116.08,118.57,115.4,242.16K,-5.33%
58,2022-05-31,122.84,122.2,125.28,121.6,11.56K,0.96%
59,2022-05-30,121.67,119.28,122.01,118.98,42.41K,1.88%
60,2022-05-27,119.43,117.52,119.72,116.63,81.16K,1.73%
61,2022-05-26,117.4,114.35,118.0,113.85,123.58K,2.96%
62,2022-05-25,114.03,114.12,115.3,113.01,152.33K,0.41%
63,2022-05-24,113.56,112.79,114.63,111.7,191.73K,0.12%
64,2022-05-23,113.42,112.85,114.34,111.86,196.51K,0.77%
65,2022-05-20,112.55,111.45,113.23,110.52,180.89K,0.46%
66,2022-05-19,112.04,108.22,112.31,105.7,272.35K,2.69%
67,2022-05-18,109.11,112.91,114.15,108.35,245.04K,-2.52%
68,2022-05-17,111.93,114.42,115.69,111.09,277.89K,-2.02%
69,2022-05-16,114.24,111.67,114.79,108.84,218.44K,2.41%
70,2022-05-13,111.55,108.25,111.69,107.79,220.32K,3.82%
71,2022-05-12,107.45,107.67,108.71,104.69,264.26K,-0.06%
72,2022-05-11,107.51,101.51,108.29,101.3,287.53K,4.93%
73,2022-05-10,102.46,105.5,106.96,101.54,327.99K,-3.28%
74,2022-05-09,105.94,112.94,113.2,105.0,302.17K,-5.74%
75,2022-05-06,112.39,111.27,113.5,109.87,249.83K,1.34%
76,2022-05-05,110.9,110.55,114.0,109.2,279.88K,0.69%
77,2022-05-04,110.14,105.91,111.0,105.46,241.68K,4.93%
78,2022-05-03,104.97,107.61,108.32,104.62,184.20K,-2.43%
79,2022-05-02,107.58,106.3,108.46,103.1,151.34K,-1.61%
80,2022-04-29,109.34,107.55,110.3,107.0,12.02K,1.63%
81,2022-04-28,107.59,104.96,108.0,103.29,73.32K,2.16%
82,2022-04-27,105.32,105.45,106.33,103.27,67.06K,0.31%
83,2022-04-26,104.99,102.53,106.2,101.08,138.20K,2.61%
84,2022-04-25,102.32,105.49,105.85,99.48,156.35K,-4.06%
85,2022-04-22,106.65,108.26,108.76,105.54,125.87K,-1.55%
86,2022-04-21,108.33,107.07,109.8,106.76,185.38K,1.43%
87,2022-04-20,106.8,108.1,109.0,104.65,243.67K,-0.42%
88,2022-04-19,107.25,112.85,114.21,106.74,239.91K,-5.22%
89,2022-04-18,113.16,112.32,114.84,110.71,132.15K,1.31%
90,2022-04-14,111.7,108.29,112.39,106.63,210.18K,2.68%
91,2022-04-13,108.78,105.44,109.0,104.06,247.26K,3.96%
92,2022-04-12,104.64,99.35,105.6,98.9,273.95K,6.26%
93,2022-04-11,98.48,103.21,103.3,97.57,238.69K,-4.18%
94,2022-04-08,102.78,101.42,103.3,99.65,217.64K,2.19%
95,2022-04-07,100.58,101.78,103.59,98.41,296.03K,-0.48%
96,2022-04-06,101.07,105.7,108.67,100.54,286.52K,-5.22%
97,2022-04-05,106.64,108.51,109.9,104.53,203.06K,-0.83%
98,2022-04-04,107.53,104.08,108.68,102.89,218.68K,3.01%
99,2022-04-01,104.39,105.25,106.24,102.35,238.62K,-3.26%
100,2022-03-31,107.91,112.81,112.94,106.5,8.68K,-4.88%
101,2022-03-30,113.45,112.0,114.8,110.74,72.33K,2.92%
102,2022-03-29,110.23,110.1,114.83,104.84,93.68K,-2.00%
103,2022-03-28,112.48,119.9,119.9,109.06,150.82K,-6.77%
104,2022-03-25,120.65,118.88,120.92,115.16,133.46K,1.36%
105,2022-03-24,119.03,121.56,123.74,116.93,177.66K,-2.11%
106,2022-03-23,121.6,114.7,122.34,114.45,224.53K,5.30%
107,2022-03-22,115.48,117.04,119.48,112.64,204.66K,-0.12%
108,2022-03-21,115.62,107.5,116.8,107.06,196.49K,7.12%
109,2022-03-18,107.93,106.8,109.59,105.78,168.91K,1.21%
110,2022-03-17,106.64,98.61,107.5,97.75,200.95K,8.79%
111,2022-03-16,98.02,99.14,103.7,96.93,246.82K,-1.89%
112,2022-03-15,99.91,105.34,105.71,97.44,318.12K,-6.54%
113,2022-03-14,106.9,113.15,113.15,103.49,265.91K,-5.12%
114,2022-03-11,112.67,110.26,113.91,107.13,287.39K,3.05%
115,2022-03-10,109.33,112.65,118.36,109.0,352.34K,-1.63%
116,2022-03-09,111.14,130.28,131.64,105.6,521.58K,-13.16%
117,2022-03-08,127.98,124.56,133.15,121.31,469.99K,3.87%
118,2022-03-07,123.21,122.79,139.13,119.04,419.93K,4.32%
119,2022-03-04,118.11,114.23,118.98,109.62,334.41K,6.93%
120,2022-03-03,110.46,115.27,119.84,109.4,452.52K,-2.19%
121,2022-03-02,112.93,107.34,115.11,106.83,490.57K,7.58%
122,2022-03-01,104.97,98.43,107.67,98.3,492.51K,3.94%
123,2022-02-28,100.99,101.98,105.07,99.64,22.96K,3.12%
124,2022-02-25,97.93,100.69,101.99,96.0,68.98K,-1.16%
125,2022-02-24,99.08,98.08,105.79,97.56,167.79K,2.31%
126,2022-02-23,96.84,96.65,98.71,95.81,238.63K,0.00%
127,2022-02-22,96.84,96.55,99.5,95.8,316.38K,1.52%
128,2022-02-21,95.39,94.29,97.4,92.57,217.04K,1.98%
129,2022-02-18,93.54,92.73,94.15,90.12,348.35K,0.61%
130,2022-02-17,92.97,92.2,94.5,92.14,347.79K,-1.94%
131,2022-02-16,94.81,93.49,96.07,91.11,393.79K,1.64%
132,2022-02-15,93.28,95.81,96.26,92.06,378.25K,-3.32%
133,2022-02-14,96.48,95.2,96.78,93.44,373.09K,2.16%
134,2022-02-11,94.44,91.17,95.66,90.51,452.11K,3.31%
135,2022-02-10,91.41,91.75,93.1,90.88,369.01K,-0.15%
136,2022-02-09,91.55,91.08,92.09,90.05,294.00K,0.85%
137,2022-02-08,90.78,92.63,92.93,89.93,368.55K,-2.06%
138,2022-02-07,92.69,92.75,94.0,92.13,317.29K,-0.62%
139,2022-02-04,93.27,91.3,93.7,91.2,322.13K,2.37%
140,2022-02-03,91.11,89.07,91.3,88.02,301.79K,1.83%
141,2022-02-02,89.47,89.48,90.52,88.28,319.43K,0.35%
142,2022-02-01,89.16,89.62,89.96,87.72,271.77K,-2.25%
143,2022-01-31,91.21,90.8,91.48,90.61,11.01K,1.31%
144,2022-01-28,90.03,89.98,91.7,89.41,102.01K,0.77%
145,2022-01-27,89.34,89.7,91.04,89.0,131.70K,-0.69%
146,2022-01-26,89.96,87.95,90.47,87.79,260.11K,2.00%
147,2022-01-25,88.2,86.76,88.37,86.2,256.21K,2.24%
148,2022-01-24,86.27,87.93,88.9,85.04,309.89K,-1.84%
149,2022-01-21,87.89,86.75,88.23,85.71,288.21K,-0.55%
150,2022-01-20,88.38,87.89,89.5,87.05,279.52K,-0.07%
151,2022-01-19,88.44,88.65,89.17,87.61,350.94K,1.06%
152,2022-01-18,87.51,86.47,88.66,86.44,356.88K,1.19%
153,2022-01-17,86.48,86.15,86.71,85.54,139.82K,0.49%
154,2022-01-14,86.06,84.12,86.5,83.99,304.72K,1.88%
155,2022-01-13,84.47,84.87,85.1,83.79,265.20K,-0.24%
156,2022-01-12,84.67,83.78,85.21,83.52,301.39K,1.13%
157,2022-01-11,83.72,81.08,83.98,80.89,324.94K,3.52%
158,2022-01-10,80.87,81.76,82.3,80.5,300.65K,-1.08%
159,2022-01-07,81.75,82.0,83.0,81.42,286.11K,-0.29%
160,2022-01-06,81.99,80.22,82.83,79.61,353.16K,1.47%
161,2022-01-05,80.8,80.07,81.5,79.51,331.74K,1.00%
162,2022-01-04,80.0,78.91,80.55,78.62,291.68K,1.29%
163,2022-01-03,78.98,78.11,79.28,77.04,201.03K,1.54%
164,2021-12-31,77.78,78.81,79.68,77.55,148.96K,-1.94%
165,2021-12-30,79.32,79.19,79.66,78.5,10.90K,0.11%
166,2021-12-29,79.23,79.28,80.17,78.13,69.63K,0.37%
167,2021-12-28,78.94,78.67,79.85,78.48,50.41K,0.43%
168,2021-12-27,78.6,76.32,79.08,75.75,85.39K,3.23%
169,2021-12-24,76.14,76.72,76.79,75.75,30.54K,-0.92%
170,2021-12-23,76.85,75.47,77.0,74.78,161.24K,2.07%
171,2021-12-22,75.29,74.05,75.67,73.62,166.71K,1.77%
172,2021-12-21,73.98,71.88,74.27,71.24,214.07K,3.44%
173,2021-12-20,71.52,72.82,72.87,69.28,333.76K,-2.72%
174,2021-12-17,73.52,74.5,74.98,72.65,231.41K,-2.00%
175,2021-12-16,75.02,74.47,75.61,74.0,223.64K,1.54%
176,2021-12-15,73.88,73.25,74.58,72.5,233.19K,0.24%
177,2021-12-14,73.7,74.42,75.16,72.57,277.86K,-0.93%
178,2021-12-13,74.39,75.37,76.39,74.2,265.51K,-1.01%
179,2021-12-10,75.15,73.99,75.71,73.8,221.36K,0.98%
180,2021-12-09,74.42,75.94,76.7,73.84,283.39K,-1.85%
181,2021-12-08,75.82,75.44,76.37,74.38,322.08K,0.50%
182,2021-12-07,75.44,73.6,76.27,73.2,312.28K,3.23%
183,2021-12-06,73.08,70.24,73.8,70.24,255.40K,4.58%
184,2021-12-03,69.88,70.22,72.62,69.24,331.82K,0.30%
185,2021-12-02,69.67,69.72,70.7,65.72,526.60K,1.16%
186,2021-12-01,68.87,69.8,72.87,68.14,420.40K,-2.41%
187,2021-11-30,70.57,74.42,74.56,70.22,24.82K,-3.91%
188,2021-11-29,73.44,73.88,77.02,72.41,126.35K,0.99%
189,2021-11-26,72.72,81.65,81.66,72.14,170.78K,-11.55%
190,2021-11-25,82.22,82.24,82.58,81.7,80.45K,-0.04%
191,2021-11-24,82.25,81.88,83.0,81.74,231.07K,-0.07%
192,2021-11-23,82.31,79.51,82.6,78.55,366.60K,3.27%
193,2021-11-22,79.7,78.58,80.07,77.58,350.90K,1.03%
194,2021-11-19,78.89,81.0,82.24,78.05,479.93K,-2.89%
195,2021-11-18,81.24,80.1,81.41,79.28,306.85K,1.20%
196,2021-11-17,80.28,82.05,82.22,79.78,406.75K,-2.61%
197,2021-11-16,82.43,82.0,83.14,81.52,340.72K,0.46%
198,2021-11-15,82.05,81.92,82.49,80.67,273.72K,-0.15%
199,2021-11-12,82.17,82.83,82.87,81.26,289.30K,-0.84%
200,2021-11-11,82.87,82.85,83.44,81.66,336.14K,0.28%
201,2021-11-10,82.64,84.99,85.5,82.08,366.31K,-2.52%
202,2021-11-09,84.78,83.47,85.3,83.16,346.57K,1.62%
203,2021-11-08,83.43,82.58,84.0,82.53,269.60K,0.83%
204,2021-11-05,82.74,81.25,83.16,80.26,379.69K,2.73%
205,2021-11-04,80.54,81.58,84.49,80.2,472.43K,-1.77%
206,2021-11-03,81.99,84.07,84.2,81.1,380.11K,-3.22%
207,2021-11-02,84.72,84.45,85.23,83.76,317.07K,0.01%
208,2021-11-01,84.71,83.63,85.12,83.03,302.90K,0.39%
209,2021-10-29,84.38,84.33,84.83,83.79,22.77K,0.07%
210,2021-10-28,84.32,84.21,84.59,82.32,118.14K,-0.31%
211,2021-10-27,84.58,86.07,86.28,84.05,149.75K,-2.11%
212,2021-10-26,86.4,86.03,86.5,85.27,222.56K,0.48%
213,2021-10-25,85.99,85.65,86.7,85.43,294.55K,0.54%
214,2021-10-22,85.53,84.52,85.93,83.82,298.35K,1.09%
215,2021-10-21,84.61,85.9,86.1,83.36,373.65K,-1.41%
216,2021-10-20,85.82,85.19,85.89,83.61,378.69K,0.87%
217,2021-10-19,85.08,84.21,85.4,83.7,371.79K,0.89%
218,2021-10-18,84.33,84.95,86.04,83.95,340.96K,-0.62%
219,2021-10-15,84.86,84.3,85.1,84.16,276.47K,1.02%
220,2021-10-14,84.0,83.45,84.5,83.18,316.64K,0.99%
221,2021-10-13,83.18,83.1,83.69,82.2,333.68K,-0.29%
222,2021-10-12,83.42,83.49,84.23,82.72,331.41K,-0.27%
223,2021-10-11,83.65,82.65,84.6,82.54,330.44K,1.53%
224,2021-10-08,82.39,82.38,83.43,81.96,360.97K,0.54%
225,2021-10-07,81.95,80.98,82.5,79.08,393.10K,1.07%
226,2021-10-06,81.08,82.57,83.47,80.6,401.36K,-1.79%
227,2021-10-05,82.56,81.27,83.13,81.19,340.27K,1.60%
228,2021-10-04,81.26,79.49,82.0,78.75,362.37K,2.50%
229,2021-10-01,79.28,78.49,79.41,77.55,282.37K,0.97%
230,2021-09-30,78.52,78.46,79.11,77.6,20.51K,-0.15%
231,2021-09-29,78.64,78.25,79.4,77.5,97.97K,-0.57%
232,2021-09-28,79.09,79.4,80.75,78.1,132.33K,-0.55%
233,2021-09-27,79.53,78.25,79.9,78.21,231.13K,1.84%
234,2021-09-24,78.09,77.26,78.24,76.85,163.23K,1.09%
235,2021-09-23,77.25,75.9,77.35,75.6,226.59K,1.39%
236,2021-09-22,76.19,74.56,76.26,74.49,255.75K,2.46%
237,2021-09-21,74.36,74.33,75.18,73.26,258.71K,0.60%
238,2021-09-20,73.92,75.33,75.4,73.52,313.75K,-1.88%
239,2021-09-17,75.34,75.68,75.78,74.58,254.86K,-0.44%
240,2021-09-16,75.67,75.46,75.87,74.48,236.51K,0.28%
241,2021-09-15,75.46,73.92,76.13,73.78,289.45K,2.53%
242,2021-09-14,73.6,73.62,74.28,73.08,278.58K,0.12%
243,2021-09-13,73.51,72.88,73.92,72.69,244.73K,0.81%
244,2021-09-10,72.92,71.37,73.15,70.94,250.51K,2.06%
245,2021-09-09,71.45,72.61,73.2,70.88,377.81K,-1.58%
246,2021-09-08,72.6,71.64,72.95,71.55,325.36K,1.27%
247,2021-09-07,71.69,72.29,72.81,71.1,257.40K,-0.73%
248,2021-09-06,72.22,72.57,72.78,71.51,127.87K,-0.54%
249,2021-09-03,72.61,72.86,73.69,72.4,211.42K,-0.58%
250,2021-09-02,73.03,71.31,73.47,70.92,255.42K,2.01%
251,2021-09-01,71.59,71.68,72.38,70.42,282.49K,-1.92%
252,2021-08-31,72.99,73.14,73.52,72.62,12.59K,-0.57%
253,2021-08-30,73.41,73.25,73.69,72.0,68.66K,0.98%
254,2021-08-27,72.7,71.53,72.76,71.17,92.20K,2.29%
255,2021-08-26,71.07,71.94,72.13,70.66,179.57K,-1.63%
256,2021-08-25,72.25,71.0,72.42,70.5,242.07K,1.69%
257,2021-08-24,71.05,68.66,71.27,68.53,301.30K,3.35%
258,2021-08-23,68.75,64.97,68.9,64.6,271.56K,5.48%
259,2021-08-20,65.18,66.54,66.93,64.94,254.45K,-1.91%
260,2021-08-19,66.45,67.57,67.64,65.57,345.97K,-2.61%
261,2021-08-18,68.23,68.96,70.04,67.23,316.98K,-1.16%
262,2021-08-17,69.03,69.77,70.0,68.82,239.96K,-0.69%
263,2021-08-16,69.51,70.05,70.45,68.14,294.02K,-1.53%
264,2021-08-13,70.59,71.12,71.38,70.0,202.42K,-1.01%
265,2021-08-12,71.31,71.57,71.9,70.67,224.99K,-0.18%
266,2021-08-11,71.44,70.83,71.72,69.07,324.04K,1.15%
267,2021-08-10,70.63,69.35,71.24,68.94,246.13K,2.30%
268,2021-08-09,69.04,70.26,70.26,67.6,353.68K,-2.35%
269,2021-08-06,70.7,71.2,72.43,70.28,298.96K,-0.83%
270,2021-08-05,71.29,70.27,71.5,69.75,261.05K,1.29%
271,2021-08-04,70.38,72.33,72.83,70.11,370.13K,-2.80%
272,2021-08-03,72.41,73.08,73.55,71.05,303.73K,-0.66%
273,2021-08-02,72.89,75.39,75.39,72.31,304.87K,-4.51%
274,2021-07-30,76.33,75.81,76.38,75.38,14.39K,0.37%
275,2021-07-29,76.05,74.76,76.15,74.63,78.27K,1.75%
276,2021-07-28,74.74,74.77,75.32,74.42,111.62K,0.35%
277,2021-07-27,74.48,74.67,75.05,74.02,181.94K,-0.03%
278,2021-07-26,74.5,74.12,74.84,72.75,210.64K,0.54%
279,2021-07-23,74.1,73.56,74.22,73.32,181.66K,0.42%
280,2021-07-22,73.79,72.24,73.9,71.74,251.60K,2.16%
281,2021-07-21,72.23,68.92,72.38,68.63,306.32K,4.15%
282,2021-07-20,69.35,68.99,69.73,67.44,316.48K,1.06%
283,2021-07-19,68.62,72.86,73.34,67.75,510.92K,-6.75%
284,2021-07-16,73.59,73.18,74.09,72.34,292.66K,0.16%
285,2021-07-15,73.47,74.5,74.59,73.19,322.33K,-1.73%
286,2021-07-14,74.76,76.28,76.72,73.79,376.94K,-2.26%
287,2021-07-13,76.49,75.25,76.6,74.93,275.91K,1.77%
288,2021-07-12,75.16,75.79,75.84,74.23,262.30K,-0.52%
289,2021-07-09,75.55,74.39,75.8,73.8,248.18K,1.93%
290,2021-07-08,74.12,73.35,74.4,72.11,314.34K,0.94%
291,2021-07-07,73.43,74.69,75.99,72.6,387.43K,-1.48%
292,2021-07-06,74.53,77.06,77.84,74.13,410.70K,-3.41%
293,2021-07-05,77.16,76.23,77.26,75.7,157.22K,1.30%
294,2021-07-02,76.17,75.64,76.43,75.21,236.22K,0.44%
295,2021-07-01,75.84,74.69,76.74,74.55,405.16K,0.95%
296,2021-06-30,75.13,75.18,75.6,74.39,15.06K,0.49%
297,2021-06-29,74.76,74.67,75.51,73.9,94.94K,0.11%
298,2021-06-28,74.68,75.99,76.6,74.51,142.11K,-1.97%
299,2021-06-25,76.18,75.54,76.21,74.95,172.41K,0.82%
300,2021-06-24,75.56,75.3,75.78,74.51,165.05K,0.49%
301,2021-06-23,75.19,74.75,76.02,74.7,229.04K,0.51%
302,2021-06-22,74.81,74.88,75.3,74.32,294.72K,-0.12%
303,2021-06-21,74.9,73.33,74.95,72.98,265.47K,1.89%
304,2021-06-18,73.51,73.0,73.76,72.18,231.55K,0.59%
305,2021-06-17,73.08,73.8,74.5,72.01,336.64K,-1.76%
306,2021-06-16,74.39,74.26,74.96,73.86,306.09K,0.54%
307,2021-06-15,73.99,73.03,74.33,72.79,228.62K,1.55%
308,2021-06-14,72.86,72.7,73.64,72.59,200.72K,0.23%
309,2021-06-11,72.69,72.41,73.09,71.88,276.48K,0.23%
310,2021-06-10,72.52,72.03,72.93,70.95,346.58K,0.42%
311,2021-06-09,72.22,72.17,72.87,71.82,266.37K,0.00%
312,2021-06-08,72.22,71.42,72.42,70.71,285.23K,1.02%
313,2021-06-07,71.49,71.82,72.27,71.1,224.33K,-0.56%
314,2021-06-04,71.89,71.25,72.17,70.73,222.00K,0.81%
315,2021-06-03,71.31,71.27,71.99,70.66,229.79K,-0.06%
316,2021-06-02,71.35,70.55,71.48,70.35,221.63K,1.57%
317,2021-06-01,70.25,69.39,71.34,69.29,302.49K,1.34%
318,2021-05-31,69.32,68.98,69.82,68.75,80.18K,-0.45%
319,2021-05-28,69.63,69.69,69.92,69.26,21.26K,0.24%
320,2021-05-27,69.46,68.78,69.51,68.11,86.51K,0.86%
321,2021-05-26,68.87,68.55,69.17,68.02,134.62K,0.32%
322,2021-05-25,68.65,68.47,68.9,67.83,183.13K,0.28%
323,2021-05-24,68.46,66.72,68.64,66.46,227.25K,3.04%
324,2021-05-21,66.44,65.22,66.94,64.57,257.64K,2.04%
325,2021-05-20,65.11,66.63,67.17,64.8,388.16K,-2.33%
326,2021-05-19,66.66,68.41,68.46,65.3,386.89K,-2.98%
327,2021-05-18,68.71,69.61,70.24,67.28,378.02K,-1.08%
328,2021-05-17,69.46,68.92,69.62,68.18,230.78K,1.09%
329,2021-05-14,68.71,67.0,68.89,66.5,286.13K,2.48%
330,2021-05-13,67.05,68.88,69.04,66.48,312.00K,-3.27%
331,2021-05-12,69.32,68.78,69.9,68.18,310.30K,1.12%
332,2021-05-11,68.55,68.29,68.75,67.13,321.86K,0.34%
333,2021-05-10,68.32,68.74,69.2,67.41,265.60K,0.06%
334,2021-05-07,68.28,68.26,68.65,67.39,262.58K,0.28%
335,2021-05-06,68.09,68.47,69.37,67.93,273.28K,-1.26%
336,2021-05-05,68.96,69.35,69.95,68.35,283.73K,0.12%
337,2021-05-04,68.88,67.75,69.5,67.37,249.64K,1.95%
338,2021-05-03,67.56,66.7,67.82,66.1,148.71K,0.46%
339,2021-04-30,67.25,68.33,68.4,67.06,14.84K,-1.91%
340,2021-04-29,68.56,67.18,68.95,67.13,91.52K,1.92%
341,2021-04-28,67.27,66.58,67.85,66.13,148.95K,1.28%
342,2021-04-27,66.42,65.76,66.8,65.66,222.92K,1.17%
343,2021-04-26,65.65,66.1,66.26,64.57,257.58K,-0.70%
344,2021-04-23,66.11,65.8,66.3,65.16,187.90K,1.09%
345,2021-04-22,65.4,65.13,65.83,64.58,242.47K,0.12%
346,2021-04-21,65.32,66.22,66.52,64.96,260.88K,-1.88%
347,2021-04-20,66.57,67.2,68.08,65.51,328.24K,-0.72%
348,2021-04-19,67.05,66.7,67.23,66.17,193.81K,0.42%
349,2021-04-16,66.77,66.86,67.38,66.44,212.20K,-0.25%
350,2021-04-15,66.94,66.38,67.03,65.95,240.31K,0.54%
351,2021-04-14,66.58,64.01,66.9,63.88,323.04K,4.57%
352,2021-04-13,63.67,63.24,64.19,63.18,242.41K,0.62%
353,2021-04-12,63.28,63.03,64.31,62.41,257.84K,0.52%
354,2021-04-09,62.95,63.28,63.49,62.57,216.24K,-0.40%
355,2021-04-08,63.2,63.02,63.43,62.38,265.18K,0.06%
356,2021-04-07,63.16,62.6,63.55,61.6,321.39K,0.67%
357,2021-04-06,62.74,62.32,64.28,62.08,307.87K,0.95%
358,2021-04-05,62.15,64.57,64.81,61.25,231.78K,-4.18%
359,2021-04-01,64.86,63.12,65.17,62.38,480.37K,2.08%
360,2021-03-31,63.54,64.13,64.79,63.53,9.70K,-0.94%
361,2021-03-30,64.14,65.2,65.41,63.52,74.36K,-1.29%
362,2021-03-29,64.98,64.58,65.46,63.13,91.75K,0.63%
363,2021-03-26,64.57,62.01,64.89,61.85,147.74K,4.23%
364,2021-03-25,61.95,63.99,64.19,60.98,202.58K,-3.82%
365,2021-03-24,64.41,60.5,64.57,60.47,255.12K,5.95%
366,2021-03-23,60.79,64.3,64.3,60.27,392.60K,-5.93%
367,2021-03-22,64.62,64.53,65.12,63.45,236.34K,0.14%
368,2021-03-19,64.53,62.99,64.95,62.07,446.11K,1.98%
369,2021-03-18,63.28,67.77,68.15,61.45,516.08K,-6.94%
370,2021-03-17,68.0,68.39,68.89,66.96,309.76K,-0.57%
371,2021-03-16,68.39,68.81,68.94,67.36,248.99K,-0.71%
372,2021-03-15,68.88,69.08,70.03,67.82,262.60K,-0.49%
373,2021-03-12,69.22,69.59,69.9,69.03,251.54K,-0.59%
374,2021-03-11,69.63,68.45,69.84,67.99,289.61K,2.55%
375,2021-03-10,67.9,67.46,68.42,66.5,361.94K,0.56%
376,2021-03-09,67.52,68.13,69.33,67.12,302.61K,-1.06%
377,2021-03-08,68.24,69.97,71.38,67.8,352.59K,-1.61%
378,2021-03-05,69.36,67.16,69.69,66.67,361.76K,3.93%
379,2021-03-04,66.74,64.1,67.75,63.33,510.68K,4.17%
380,2021-03-03,64.07,62.38,64.7,62.38,341.67K,2.19%
381,2021-03-02,62.7,63.12,64.13,62.38,367.12K,-1.55%
382,2021-03-01,63.69,64.85,65.93,63.17,291.91K,-3.69%
383,2021-02-26,66.13,66.89,66.9,65.72,16.10K,-1.12%
384,2021-02-25,66.88,67.2,67.7,66.48,109.65K,-0.24%
385,2021-02-24,67.04,65.06,67.31,64.8,129.71K,2.55%
386,2021-02-23,65.37,65.51,66.79,64.47,231.18K,0.20%
387,2021-02-22,65.24,62.68,65.85,62.55,213.75K,3.70%
388,2021-02-19,62.91,63.3,63.94,62.09,305.83K,-1.60%
389,2021-02-18,63.93,65.02,65.52,63.22,420.56K,-0.64%
390,2021-02-17,64.34,63.15,64.96,62.73,391.26K,1.56%
391,2021-02-16,63.35,63.47,63.7,62.69,284.67K,0.08%
392,2021-02-15,63.3,62.83,63.76,62.82,220.38K,1.39%
393,2021-02-12,62.43,60.82,62.83,60.35,307.72K,2.11%
394,2021-02-11,61.14,61.01,61.5,60.72,209.69K,-0.54%
395,2021-02-10,61.47,61.21,61.69,60.87,287.71K,0.62%
396,2021-02-09,61.09,60.8,61.34,60.05,319.50K,0.88%
397,2021-02-08,60.56,59.43,60.72,59.43,269.31K,2.06%
398,2021-02-05,59.34,59.17,59.79,59.08,229.42K,0.85%
399,2021-02-04,58.84,58.59,59.12,58.04,244.07K,0.65%
400,2021-02-03,58.46,57.85,58.94,57.5,276.86K,1.74%
401,2021-02-02,57.46,56.35,58.05,56.33,337.68K,1.97%
402,2021-02-01,56.35,54.91,56.53,54.6,288.25K,0.84%
403,2021-01-29,55.88,55.52,56.37,55.31,19.94K,0.63%
404,2021-01-28,55.53,55.41,56.59,55.31,122.48K,-0.50%
405,2021-01-27,55.81,56.05,56.49,55.2,132.41K,-0.18%
406,2021-01-26,55.91,55.93,56.34,55.39,163.20K,0.05%
407,2021-01-25,55.88,55.26,56.02,55.07,198.27K,0.85%
408,2021-01-22,55.41,56.0,56.03,54.48,269.37K,-1.23%
409,2021-01-21,56.1,55.82,56.24,55.49,254.59K,0.04%
410,2021-01-20,56.08,56.07,56.64,55.66,310.89K,0.32%
411,2021-01-19,55.9,55.01,56.08,54.89,261.10K,2.10%
412,2021-01-18,54.75,54.75,55.21,54.49,142.87K,-0.64%
413,2021-01-15,55.1,56.41,56.5,54.64,298.41K,-2.34%
414,2021-01-14,56.42,55.93,56.57,55.24,331.29K,0.64%
415,2021-01-13,56.06,56.83,57.42,55.77,324.30K,-0.92%
416,2021-01-12,56.58,55.66,56.79,55.51,288.14K,1.65%
417,2021-01-11,55.66,56.24,56.39,54.99,295.07K,-0.59%
418,2021-01-08,55.99,54.56,56.36,54.34,336.65K,2.96%
419,2021-01-07,54.38,54.13,54.9,53.94,267.19K,0.15%
420,2021-01-06,54.3,53.52,54.73,53.02,414.41K,1.31%
421,2021-01-05,53.6,50.95,53.9,50.7,455.35K,4.91%
422,2021-01-04,51.09,51.5,53.33,50.56,382.90K,-1.37%
423,2020-12-31,51.8,51.49,51.84,50.9,133.22K,0.90%
424,2020-12-30,51.34,51.32,51.56,51.04,17.63K,0.49%
425,2020-12-29,51.09,51.02,51.63,50.86,91.33K,0.45%
426,2020-12-28,50.86,51.25,52.02,50.53,81.06K,-0.84%
427,2020-12-24,51.29,51.11,51.77,50.62,96.69K,0.18%
428,2020-12-23,51.2,49.7,51.59,49.2,182.63K,2.24%
429,2020-12-22,50.08,50.65,50.86,49.56,194.10K,-1.63%
430,2020-12-21,50.91,52.22,52.32,49.2,288.74K,-2.58%
431,2020-12-18,52.26,51.43,52.48,51.13,246.12K,1.48%
432,2020-12-17,51.5,51.12,51.9,51.08,233.88K,0.82%
433,2020-12-16,51.08,50.64,51.2,50.34,222.74K,0.63%
434,2020-12-15,50.76,50.3,50.89,49.78,190.55K,0.93%
435,2020-12-14,50.29,50.05,50.8,49.13,236.96K,0.64%
436,2020-12-11,49.97,50.45,50.74,49.74,231.87K,-0.56%
437,2020-12-10,50.25,49.0,51.06,48.86,288.73K,2.84%
438,2020-12-09,48.86,48.84,49.55,48.4,267.79K,0.04%
439,2020-12-08,48.84,48.58,49.0,48.09,225.24K,0.10%
440,2020-12-07,48.79,49.23,49.43,48.4,207.51K,-0.93%
441,2020-12-04,49.25,48.96,49.92,48.84,253.64K,1.11%
442,2020-12-03,48.71,48.0,48.94,47.67,274.73K,0.95%
443,2020-12-02,48.25,47.05,48.76,46.82,285.74K,1.75%
444,2020-12-01,47.42,47.79,48.3,46.88,258.69K,-0.36%
445,2020-11-30,47.59,47.91,47.99,46.85,20.68K,-1.22%
446,2020-11-27,48.18,47.81,48.44,47.34,87.75K,0.79%
447,2020-11-26,47.8,48.76,49.09,47.53,88.76K,-1.67%
448,2020-11-25,48.61,47.8,49.06,47.72,231.03K,1.57%
449,2020-11-24,47.86,45.9,48.03,45.89,263.24K,3.91%
450,2020-11-23,46.06,45.08,46.12,44.89,267.25K,2.45%
451,2020-11-20,44.96,44.15,45.24,44.05,264.01K,1.72%
452,2020-11-19,44.2,43.96,44.57,43.79,210.30K,-0.32%
453,2020-11-18,44.34,43.75,44.89,43.48,242.88K,1.35%
454,2020-11-17,43.75,43.89,44.25,43.08,226.35K,-0.16%
455,2020-11-16,43.82,42.71,44.67,42.71,268.43K,2.43%
456,2020-11-13,42.78,43.2,43.34,42.63,216.74K,-1.72%
457,2020-11-12,43.53,43.73,44.5,43.26,266.04K,-0.62%
458,2020-11-11,43.8,43.77,45.3,43.6,346.77K,0.44%
459,2020-11-10,43.61,41.75,44.11,41.71,315.25K,2.85%
460,2020-11-09,42.4,39.65,43.48,39.46,393.05K,7.48%
461,2020-11-06,39.45,40.63,40.69,39.34,255.44K,-3.62%
462,2020-11-05,40.93,40.96,41.53,40.33,219.20K,-0.73%
463,2020-11-04,41.23,40.13,41.33,39.42,250.87K,3.83%
464,2020-11-03,39.71,39.26,40.45,38.65,278.63K,1.90%
465,2020-11-02,38.97,37.37,39.36,35.74,326.07K,4.03%
466,2020-10-30,37.46,37.5,38.1,36.8,20.19K,-0.50%
467,2020-10-29,37.65,39.16,39.45,36.64,112.49K,-3.76%
468,2020-10-28,39.12,40.61,40.7,38.75,163.83K,-5.05%
469,2020-10-27,41.2,40.5,41.47,40.4,207.54K,1.83%
470,2020-10-26,40.46,41.53,41.63,40.22,210.53K,-3.14%
471,2020-10-23,41.77,42.4,42.8,41.5,205.21K,-1.63%
472,2020-10-22,42.46,41.59,42.79,41.46,257.20K,1.75%
473,2020-10-21,41.73,42.91,43.04,41.45,268.88K,-3.31%
474,2020-10-20,43.16,42.45,43.3,42.19,252.05K,1.27%
475,2020-10-19,42.62,42.69,43.23,42.36,209.06K,-0.72%
476,2020-10-16,42.93,43.1,43.21,42.27,197.16K,-0.53%
477,2020-10-15,43.16,43.45,43.48,41.56,295.28K,-0.37%
478,2020-10-14,43.32,42.43,43.45,42.13,279.12K,2.05%
479,2020-10-13,42.45,41.81,42.68,41.66,227.85K,1.75%
480,2020-10-12,41.72,42.6,42.71,41.36,238.87K,-2.64%
481,2020-10-09,42.85,43.36,43.57,42.61,254.62K,-1.13%
482,2020-10-08,43.34,42.15,43.47,41.86,266.26K,3.22%
483,2020-10-07,41.99,41.85,42.42,41.36,241.20K,-1.55%
484,2020-10-06,42.65,41.41,42.84,41.22,291.68K,3.29%
485,2020-10-05,41.29,39.19,41.78,39.14,273.76K,5.14%
486,2020-10-02,39.27,40.65,40.77,38.79,337.41K,-4.06%
487,2020-10-01,40.93,42.17,42.56,39.92,338.72K,-0.05%
488,2020-09-30,40.95,40.66,40.98,40.3,19.38K,-0.19%
489,2020-09-29,41.03,42.47,42.52,40.43,91.60K,-3.30%
490,2020-09-28,42.43,41.87,42.62,41.48,91.82K,1.22%
491,2020-09-25,41.92,41.85,42.33,41.52,129.40K,-0.05%
492,2020-09-24,41.94,41.36,42.02,41.27,162.93K,0.41%
493,2020-09-23,41.77,41.67,42.62,41.21,183.88K,0.12%
494,2020-09-22,41.72,41.79,42.2,41.21,210.74K,0.68%
495,2020-09-21,41.44,43.01,43.3,40.96,217.36K,-3.96%
496,2020-09-18,43.15,43.22,43.8,42.53,204.66K,-0.35%
497,2020-09-17,43.3,42.32,43.5,41.5,237.40K,2.56%
498,2020-09-16,42.22,40.72,42.44,40.59,237.25K,4.17%
499,2020-09-15,40.53,39.7,40.82,39.39,214.80K,2.32%
500,2020-09-14,39.61,39.78,40.09,39.3,200.09K,-0.55%
501,2020-09-11,39.83,39.96,40.34,39.38,211.88K,-0.57%
502,2020-09-10,40.06,40.58,40.96,39.71,208.86K,-1.79%
503,2020-09-09,40.79,39.65,41.2,39.37,278.22K,2.54%
504,2020-09-08,39.78,42.08,42.23,39.31,363.53K,-5.31%
505,2020-09-07,42.01,42.2,42.43,41.51,122.98K,-1.52%
506,2020-09-04,42.66,43.76,44.54,42.3,270.96K,-3.20%
507,2020-09-03,44.07,44.65,44.65,43.15,274.93K,-0.81%
508,2020-09-02,44.43,45.83,46.05,44.2,260.14K,-2.52%
509,2020-09-01,45.58,45.6,46.22,45.47,206.72K,0.66%
510,2020-08-31,45.28,45.8,46.53,45.21,174.31K,0.51%
511,2020-08-28,45.05,45.1,45.3,44.8,21.14K,-0.09%
512,2020-08-27,45.09,45.7,45.87,44.56,102.26K,-1.21%
513,2020-08-26,45.64,45.97,46.1,45.54,132.51K,-0.48%
514,2020-08-25,45.86,45.12,46.07,45.08,178.31K,1.62%
515,2020-08-24,45.13,44.5,45.18,44.29,176.64K,1.76%
516,2020-08-21,44.35,45.03,45.08,43.59,221.99K,-1.22%
517,2020-08-20,44.9,45.14,45.18,44.02,249.74K,-1.04%
518,2020-08-19,45.37,45.17,45.48,44.81,174.88K,-0.20%
519,2020-08-18,45.46,45.27,45.55,44.76,181.69K,0.20%
520,2020-08-17,45.37,44.86,45.41,44.53,164.23K,1.27%
521,2020-08-14,44.8,45.29,45.29,44.47,151.46K,-0.36%
522,2020-08-13,44.96,45.32,45.58,44.82,148.41K,-1.03%
523,2020-08-12,45.43,44.62,45.63,44.49,166.48K,2.09%
524,2020-08-11,44.5,45.05,45.79,44.39,202.74K,-1.09%
525,2020-08-10,44.99,44.66,45.26,44.37,135.30K,1.33%
526,2020-08-07,44.4,45.15,45.3,44.27,171.72K,-1.53%
527,2020-08-06,45.09,45.32,45.71,44.85,184.52K,-0.18%
528,2020-08-05,45.17,44.28,46.23,44.24,246.98K,1.67%
529,2020-08-04,44.43,43.84,44.82,43.24,227.12K,0.63%
530,2020-08-03,44.15,43.53,44.46,42.89,198.70K,1.96%
531,2020-07-31,43.3,43.29,43.44,43.05,14.42K,0.84%
532,2020-07-30,42.94,43.73,43.8,41.38,63.20K,-1.85%
533,2020-07-29,43.75,43.31,43.95,43.2,64.92K,1.23%
534,2020-07-28,43.22,43.55,43.84,43.0,107.34K,-0.44%
535,2020-07-27,43.41,43.35,43.77,42.39,174.75K,0.16%
536,2020-07-24,43.34,43.27,43.9,42.79,191.05K,0.07%
537,2020-07-23,43.31,44.1,44.77,43.13,262.24K,-2.21%
538,2020-07-22,44.29,44.03,44.4,43.62,202.16K,-0.07%
539,2020-07-21,44.32,43.17,44.89,43.16,229.78K,2.40%
540,2020-07-20,43.28,43.08,43.45,42.36,179.43K,0.32%
541,2020-07-17,43.14,43.4,43.45,42.64,162.40K,-0.53%
542,2020-07-16,43.37,43.71,43.8,43.14,172.16K,-0.96%
543,2020-07-15,43.79,43.07,43.85,42.7,232.18K,2.07%
544,2020-07-14,42.9,42.24,43.22,41.8,221.12K,0.42%
545,2020-07-13,42.72,43.12,43.34,42.14,200.31K,-1.20%
546,2020-07-10,43.24,42.36,43.42,41.32,214.05K,2.10%
547,2020-07-09,42.35,43.3,43.5,41.94,237.75K,-2.17%
548,2020-07-08,43.29,42.81,43.47,42.75,185.14K,0.49%
549,2020-07-07,43.08,43.13,43.45,42.46,183.23K,-0.05%
550,2020-07-06,43.1,42.79,43.71,42.74,185.02K,0.70%
551,2020-07-03,42.8,42.76,42.99,42.32,96.78K,-0.79%
552,2020-07-02,43.14,41.84,43.23,41.73,196.69K,2.64%
553,2020-07-01,42.03,41.58,42.62,41.03,252.52K,2.14%
554,2020-06-30,41.15,41.33,41.62,40.9,12.60K,-1.34%
555,2020-06-29,41.71,40.56,41.95,40.04,86.78K,1.68%
556,2020-06-26,41.02,41.44,41.81,40.29,120.32K,-0.07%
557,2020-06-25,41.05,40.35,41.64,39.47,166.05K,1.84%
558,2020-06-24,40.31,42.45,42.89,39.63,195.72K,-5.44%
559,2020-06-23,42.63,43.21,43.93,42.21,183.03K,-1.04%
560,2020-06-22,43.08,41.74,43.18,41.58,187.65K,2.11%
561,2020-06-19,42.19,41.72,42.92,41.03,217.49K,1.64%
562,2020-06-18,41.51,40.43,41.64,40.06,175.79K,1.97%
563,2020-06-17,40.71,40.61,41.46,40.03,175.24K,-0.61%
564,2020-06-16,40.96,39.94,41.65,38.95,248.58K,3.12%
565,2020-06-15,39.72,38.8,39.9,37.24,215.42K,2.56%
566,2020-06-12,38.73,37.88,39.45,37.01,237.89K,0.47%
567,2020-06-11,38.55,40.95,41.01,37.82,290.17K,-7.62%
568,2020-06-10,41.73,40.72,41.99,40.14,234.19K,1.34%
569,2020-06-09,41.18,41.1,41.45,39.85,222.36K,0.93%
570,2020-06-08,40.8,42.4,43.41,40.68,227.88K,-3.55%
571,2020-06-05,42.3,39.84,42.48,39.72,250.31K,5.78%
572,2020-06-04,39.99,39.6,40.1,39.04,172.61K,0.50%
573,2020-06-03,39.79,39.75,40.53,38.76,239.43K,0.56%
574,2020-06-02,39.57,38.34,39.75,38.26,205.22K,3.26%
575,2020-06-01,38.32,37.56,38.68,37.18,212.78K,8.46%
576,2020-05-29,35.33,35.15,35.37,34.06,14.71K,0.11%
577,2020-05-28,35.29,33.92,35.95,33.62,70.99K,1.58%
578,2020-05-27,34.74,35.93,36.16,33.98,112.25K,-3.95%
579,2020-05-26,36.17,35.66,36.68,35.26,129.98K,1.80%
580,2020-05-25,35.53,34.98,35.97,34.46,28.96K,1.14%
581,2020-05-22,35.13,36.18,36.23,33.54,174.59K,-2.58%
582,2020-05-21,36.06,35.82,36.98,35.75,178.55K,0.87%
583,2020-05-20,35.75,34.45,36.46,34.38,191.27K,3.17%
584,2020-05-19,34.65,35.66,35.76,34.2,188.93K,-0.46%
585,2020-05-18,34.81,32.78,35.72,32.69,232.25K,7.11%
586,2020-05-15,32.5,31.52,32.91,30.94,211.28K,4.40%
587,2020-05-14,31.13,29.52,31.55,28.88,222.21K,6.65%
588,2020-05-13,29.19,29.35,30.55,28.86,221.11K,-2.64%
589,2020-05-12,29.98,30.07,30.7,29.35,202.47K,1.18%
590,2020-05-11,29.63,30.7,31.47,29.35,242.21K,-4.33%
591,2020-05-08,30.97,29.6,31.14,29.43,147.30K,5.13%
592,2020-05-07,29.46,29.64,31.84,29.08,259.89K,-0.87%
593,2020-05-06,29.72,32.27,32.27,28.66,268.46K,-4.04%
594,2020-05-05,30.97,28.1,32.06,27.77,267.14K,13.86%
595,2020-05-04,27.2,26.1,28.08,25.5,215.73K,2.87%
596,2020-05-01,26.44,26.95,27.88,25.76,216.98K,4.63%
597,2020-04-30,25.27,22.87,25.76,22.87,9.69K,12.11%
598,2020-04-29,22.54,20.66,23.88,20.53,86.55K,10.17%
599,2020-04-28,20.46,19.9,21.29,18.73,123.22K,2.35%
600,2020-04-27,19.99,21.55,21.91,19.11,162.39K,-6.76%
601,2020-04-24,21.44,21.93,22.7,20.5,187.00K,0.52%
602,2020-04-23,21.33,20.89,23.22,20.07,256.30K,4.71%
603,2020-04-22,20.37,20.23,22.45,15.98,344.76K,5.38%
604,2020-04-21,19.33,26.33,26.5,17.51,637.21K,-24.40%
605,2020-04-20,25.57,28.05,28.25,25.37,361.83K,-8.94%
606,2020-04-17,28.08,28.66,28.93,27.58,286.17K,0.93%
607,2020-04-16,27.82,28.05,29.0,27.2,272.98K,0.47%
608,2020-04-15,27.69,30.26,30.33,27.16,284.34K,-6.45%
609,2020-04-14,29.6,32.25,32.32,29.38,297.55K,-6.74%
610,2020-04-13,31.74,33.99,33.99,30.63,223.29K,0.83%
611,2020-04-09,31.48,33.82,36.4,31.18,493.00K,-4.14%
612,2020-04-08,32.84,32.63,33.87,31.54,320.61K,3.04%
613,2020-04-07,31.87,33.66,34.18,31.74,303.42K,-3.57%
614,2020-04-06,33.05,31.76,34.24,30.03,296.07K,-3.11%
615,2020-04-03,34.11,29.89,35.0,28.25,541.28K,13.93%
616,2020-04-02,29.94,25.61,36.29,25.45,612.27K,21.02%
617,2020-04-01,24.74,25.99,26.28,24.52,347.29K,8.80%
618,2020-03-31,22.74,23.0,23.87,22.59,14.77K,-0.09%
619,2020-03-30,22.76,23.85,24.44,21.65,62.08K,-8.70%
620,2020-03-27,24.93,26.68,27.0,24.13,112.74K,-5.35%
621,2020-03-26,26.34,27.35,27.75,26.03,139.18K,-3.83%
622,2020-03-25,27.39,27.8,28.29,25.68,154.94K,0.88%
623,2020-03-24,27.15,27.72,28.65,26.69,198.91K,0.44%
624,2020-03-23,27.03,26.75,27.54,24.68,257.59K,0.19%
625,2020-03-20,26.98,28.1,30.94,26.81,313.84K,-5.23%
626,2020-03-19,28.47,27.19,29.42,24.96,335.72K,14.43%
627,2020-03-18,24.88,28.4,29.21,24.52,348.40K,-13.40%
628,2020-03-17,28.73,30.14,31.25,28.5,270.24K,-4.39%
629,2020-03-16,30.05,35.82,35.84,29.45,330.12K,-11.23%
630,2020-03-13,33.85,32.85,36.15,32.5,360.63K,1.90%
631,2020-03-12,33.22,35.99,36.46,32.5,472.74K,-7.18%
632,2020-03-11,35.79,37.27,39.7,35.35,471.77K,-3.84%
633,2020-03-10,37.22,35.84,38.22,35.0,551.29K,8.32%
634,2020-03-09,34.36,38.28,38.34,31.02,779.72K,-24.10%
635,2020-03-06,45.27,50.25,50.45,45.18,636.39K,-9.44%
636,2020-03-05,49.99,51.66,52.04,49.7,361.04K,-2.23%
637,2020-03-04,51.13,52.11,53.03,51.04,363.50K,-1.41%
638,2020-03-03,51.86,53.47,53.9,51.22,407.55K,-0.08%
639,2020-03-02,51.9,48.95,53.2,48.4,417.56K,2.73%
640,2020-02-28,50.52,51.42,51.52,50.05,20.36K,-3.18%
641,2020-02-27,52.18,53.18,53.25,50.97,112.16K,-2.34%
642,2020-02-26,53.43,55.13,55.45,53.03,171.50K,-2.77%
643,2020-02-25,54.95,56.46,56.98,54.62,210.28K,-2.40%
644,2020-02-24,56.3,57.85,57.86,55.13,236.33K,-3.76%
645,2020-02-21,58.5,59.0,59.25,57.73,236.49K,-1.37%
646,2020-02-20,59.31,59.31,60.0,58.9,268.65K,0.32%
647,2020-02-19,59.12,57.6,59.4,57.51,262.15K,2.37%
648,2020-02-18,57.75,57.35,57.83,56.3,249.20K,0.14%
649,2020-02-17,57.67,57.29,57.7,56.83,115.34K,0.61%
650,2020-02-14,57.32,56.41,57.53,56.15,258.14K,1.74%
651,2020-02-13,56.34,55.75,56.83,54.96,325.51K,0.99%
652,2020-02-12,55.79,54.41,56.36,54.39,305.45K,3.30%
653,2020-02-11,54.01,53.62,54.69,53.6,272.81K,1.39%
654,2020-02-10,53.27,54.2,54.71,53.11,280.18K,-2.20%
655,2020-02-07,54.47,55.14,55.4,54.21,270.80K,-0.84%
656,2020-02-06,54.93,55.56,56.58,54.25,379.87K,-0.63%
657,2020-02-05,55.28,54.05,56.46,54.05,412.27K,2.45%
658,2020-02-04,53.96,54.33,55.65,53.69,409.86K,-0.90%
659,2020-02-03,54.45,56.16,56.77,54.08,477.22K,-6.38%
660,2020-01-31,58.16,59.3,59.45,57.94,19.60K,-0.22%
661,2020-01-30,58.29,59.6,59.65,57.71,104.27K,-2.54%
662,2020-01-29,59.81,59.86,60.62,59.26,142.68K,0.50%
663,2020-01-28,59.51,59.03,60.12,58.5,248.95K,0.32%
664,2020-01-27,59.32,60.23,60.49,58.5,259.77K,-2.26%
665,2020-01-24,60.69,62.01,62.46,60.25,257.95K,-2.18%
666,2020-01-23,62.04,62.68,62.69,61.25,361.91K,-1.85%
667,2020-01-22,63.21,64.57,64.58,62.62,273.30K,-2.14%
668,2020-01-21,64.59,65.26,65.35,64.06,248.56K,-0.94%
669,2020-01-20,65.2,65.98,66.0,64.92,154.79K,0.54%
670,2020-01-17,64.85,64.69,65.6,64.48,238.64K,0.36%
671,2020-01-16,64.62,64.26,64.97,63.9,220.17K,0.97%
672,2020-01-15,64.0,64.44,64.6,63.55,229.53K,-0.76%
673,2020-01-14,64.49,64.29,65.05,63.92,270.50K,0.45%
674,2020-01-13,64.2,65.13,65.27,63.92,262.47K,-1.20%
675,2020-01-10,64.98,65.29,65.66,64.86,272.17K,-0.60%
676,2020-01-09,65.37,66.0,66.1,64.56,364.45K,-0.11%
677,2020-01-08,65.44,71.22,71.75,64.94,560.89K,-4.15%
678,2020-01-07,68.27,68.63,68.75,67.65,284.92K,-0.93%
679,2020-01-06,68.91,69.35,70.74,68.21,341.14K,0.45%
680,2020-01-03,68.6,66.28,69.5,66.22,479.70K,3.55%
681,2020-01-02,66.25,66.41,66.58,65.72,205.69K,0.38%
682,2019-12-31,66.0,66.65,66.93,65.63,171.01K,-3.57%
683,2019-12-30,68.44,68.2,68.99,68.16,29.42K,0.41%
684,2019-12-27,68.16,67.91,68.33,67.57,112.22K,0.35%
685,2019-12-26,67.92,67.27,67.99,67.22,69.82K,1.07%
686,2019-12-24,67.2,66.44,67.26,66.36,106.43K,1.22%
687,2019-12-23,66.39,66.15,66.62,65.81,131.42K,0.38%
688,2019-12-20,66.14,66.56,66.72,65.7,217.98K,-0.60%
689,2019-12-19,66.54,66.19,66.78,66.03,249.54K,0.56%
690,2019-12-18,66.17,65.84,66.43,65.56,262.34K,0.11%
691,2019-12-17,66.1,65.31,66.24,65.12,245.83K,1.16%
692,2019-12-16,65.34,65.05,65.66,64.88,186.09K,0.18%
693,2019-12-13,65.22,64.56,65.79,64.5,232.75K,1.59%
694,2019-12-12,64.2,63.9,64.85,63.87,238.31K,0.75%
695,2019-12-11,63.72,64.0,64.26,63.01,250.14K,-0.96%
696,2019-12-10,64.34,64.03,64.69,63.78,235.19K,0.14%
697,2019-12-09,64.25,64.29,64.5,63.61,239.77K,-0.22%
698,2019-12-06,64.39,63.41,64.88,62.83,314.60K,1.58%
699,2019-12-05,63.39,62.97,63.91,62.75,294.84K,0.62%
700,2019-12-04,63.0,61.08,63.51,61.0,319.04K,3.58%
701,2019-12-03,60.82,61.05,61.58,60.3,248.55K,-0.16%
702,2019-12-02,60.92,60.73,62.09,60.72,297.87K,-2.42%
703,2019-11-29,62.43,63.77,63.86,62.36,19.65K,-2.25%
704,2019-11-28,63.87,63.91,64.0,63.19,96.08K,-0.30%
705,2019-11-27,64.06,64.02,64.6,63.51,125.47K,-0.33%
706,2019-11-26,64.27,63.7,64.32,63.44,181.10K,0.97%
707,2019-11-25,63.65,63.6,63.8,62.97,212.05K,0.41%
708,2019-11-22,63.39,63.62,64.27,62.98,228.74K,-0.91%
709,2019-11-21,63.97,62.22,64.03,61.92,318.49K,2.52%
710,2019-11-20,62.4,60.94,62.8,60.3,343.31K,2.45%
711,2019-11-19,60.91,62.28,62.57,60.7,296.80K,-2.45%
712,2019-11-18,62.44,63.36,63.57,61.94,228.25K,-1.36%
713,2019-11-15,63.3,62.47,63.65,61.7,255.68K,1.64%
714,2019-11-14,62.28,62.61,63.21,62.15,234.78K,-0.14%
715,2019-11-13,62.37,61.85,62.74,61.22,273.03K,0.50%
716,2019-11-12,62.06,62.11,62.85,61.82,238.17K,-0.19%
717,2019-11-11,62.18,62.6,62.76,61.57,213.34K,-0.53%
718,2019-11-08,62.51,62.29,62.7,60.66,287.67K,0.35%
719,2019-11-07,62.29,61.73,62.89,61.65,261.07K,0.89%
720,2019-11-06,61.74,62.78,63.32,61.59,275.94K,-1.94%
721,2019-11-05,62.96,62.04,63.19,61.85,231.67K,1.34%
722,2019-11-04,62.13,61.8,62.78,61.28,235.38K,0.71%
723,2019-11-01,61.69,59.45,61.82,59.4,236.09K,2.42%
724,2019-10-31,60.23,60.57,61.13,60.07,13.90K,-0.63%
725,2019-10-30,60.61,61.6,61.93,60.45,105.87K,-1.59%
726,2019-10-29,61.59,61.61,61.98,60.66,136.93K,0.03%
727,2019-10-28,61.57,62.04,62.34,61.19,167.86K,-0.73%
728,2019-10-25,62.02,61.5,62.11,60.93,204.45K,0.57%
729,2019-10-24,61.67,60.99,61.9,60.64,215.54K,0.82%
730,2019-10-23,61.17,59.48,61.3,58.85,313.23K,2.46%
731,2019-10-22,59.7,59.05,60.26,58.75,260.60K,1.26%
732,2019-10-21,58.96,59.23,59.55,58.26,212.57K,-0.77%
733,2019-10-18,59.42,59.78,60.29,59.01,228.14K,-0.82%
734,2019-10-17,59.91,58.99,60.04,58.69,269.84K,0.82%
735,2019-10-16,59.42,58.9,59.75,58.36,257.88K,1.16%
736,2019-10-15,58.74,59.3,59.68,58.0,305.68K,-1.03%
737,2019-10-14,59.35,60.69,60.73,58.5,283.07K,-1.92%
738,2019-10-11,60.51,59.53,60.69,59.21,367.63K,2.39%
739,2019-10-10,59.1,58.04,59.6,57.8,262.53K,1.34%
740,2019-10-09,58.32,58.02,59.35,57.91,266.48K,0.14%
741,2019-10-08,58.24,58.47,58.92,57.38,274.74K,-0.19%
742,2019-10-07,58.35,58.02,59.68,58.02,228.41K,-0.03%
743,2019-10-04,58.37,57.69,58.96,57.67,299.92K,1.14%
744,2019-10-03,57.71,57.54,57.99,56.15,336.90K,0.03%
745,2019-10-02,57.69,59.25,59.5,57.22,307.91K,-2.04%
746,2019-10-01,58.89,59.38,60.1,58.41,291.67K,-3.11%
747,2019-09-30,60.78,62.24,62.24,60.73,22.01K,-1.83%
748,2019-09-27,61.91,62.48,62.75,60.76,97.33K,-1.32%
749,2019-09-26,62.74,62.58,62.92,61.45,115.57K,0.56%
750,2019-09-25,62.39,62.44,62.81,61.23,201.47K,-1.13%
751,2019-09-24,63.1,64.4,64.6,62.3,216.28K,-2.58%
752,2019-09-23,64.77,65.23,65.5,63.53,204.78K,0.76%
753,2019-09-20,64.28,65.0,65.28,64.05,224.88K,-0.19%
754,2019-09-19,64.4,63.51,65.57,63.46,258.85K,1.26%
755,2019-09-18,63.6,64.23,64.99,63.04,295.05K,-1.47%
756,2019-09-17,64.55,68.15,69.26,63.55,620.49K,-6.48%
757,2019-09-16,69.02,66.45,71.95,64.75,735.54K,14.61%
758,2019-09-13,60.22,60.45,60.81,59.6,195.83K,-0.26%
759,2019-09-12,60.38,61.16,61.39,58.92,358.09K,-0.71%
760,2019-09-11,60.81,62.88,63.27,60.52,315.12K,-2.52%
761,2019-09-10,62.38,62.82,63.78,62.17,267.55K,-0.34%
762,2019-09-09,62.59,61.6,63.0,61.57,249.71K,1.71%
763,2019-09-06,61.54,60.81,61.88,59.4,287.36K,0.97%
764,2019-09-05,60.95,60.49,62.4,60.25,292.06K,0.41%
765,2019-09-04,60.7,58.17,60.96,58.13,283.10K,4.19%
766,2019-09-03,58.26,58.54,58.87,57.23,265.12K,-0.68%
767,2019-09-02,58.66,58.8,59.26,58.1,121.64K,-2.93%
768,2019-08-30,60.43,60.98,61.17,60.25,25.14K,-1.06%
769,2019-08-29,61.08,60.48,61.19,59.98,131.09K,0.98%
770,2019-08-28,60.49,60.04,61.0,59.8,134.26K,1.65%
771,2019-08-27,59.51,58.8,60.17,58.51,218.37K,1.38%
772,2019-08-26,58.7,58.35,60.17,58.24,183.30K,-1.08%
773,2019-08-23,59.34,60.11,60.29,58.3,321.24K,-0.97%
774,2019-08-22,59.92,60.43,60.89,59.47,276.11K,-0.63%
775,2019-08-21,60.3,60.11,61.41,60.07,269.68K,0.45%
776,2019-08-20,60.03,59.68,60.32,58.95,245.25K,0.49%
777,2019-08-19,59.74,58.72,59.92,58.64,211.45K,1.88%
778,2019-08-16,58.64,58.41,59.5,58.28,209.43K,0.70%
779,2019-08-15,58.23,59.07,59.42,57.67,298.67K,-2.10%
780,2019-08-14,59.48,61.07,61.08,58.21,320.43K,-2.97%
781,2019-08-13,61.3,58.47,61.5,58.0,338.08K,4.66%
782,2019-08-12,58.57,58.3,58.88,57.88,221.35K,0.07%
783,2019-08-09,58.53,57.74,59.1,57.11,281.80K,2.00%
784,2019-08-08,57.38,57.48,58.01,56.77,299.69K,2.05%
785,2019-08-07,56.23,58.68,59.23,55.88,485.19K,-4.60%
786,2019-08-06,58.94,59.56,60.56,58.55,328.15K,-1.45%
787,2019-08-05,59.81,61.46,61.56,59.66,378.86K,-3.36%
788,2019-08-02,61.89,61.16,62.95,60.98,364.14K,2.30%
789,2019-08-01,60.5,64.09,64.54,60.02,433.72K,-7.17%
790,2019-07-31,65.17,64.95,65.42,64.95,18.76K,0.70%
791,2019-07-30,64.72,63.91,65.14,63.9,86.10K,1.59%
792,2019-07-29,63.71,63.32,63.9,62.92,101.70K,0.39%
793,2019-07-26,63.46,63.28,63.96,63.01,159.86K,0.11%
794,2019-07-25,63.39,63.21,64.23,63.01,169.84K,0.33%
795,2019-07-24,63.18,64.13,64.66,62.59,301.51K,-1.02%
796,2019-07-23,63.83,63.26,64.46,62.66,272.73K,0.90%
797,2019-07-22,63.26,63.05,64.03,62.77,267.78K,1.26%
798,2019-07-19,62.47,62.5,63.37,61.83,298.98K,0.87%
799,2019-07-18,61.93,63.52,64.46,61.29,374.89K,-2.72%
800,2019-07-17,63.66,64.44,65.28,63.22,274.93K,-1.07%
801,2019-07-16,64.35,66.31,67.09,63.82,356.74K,-3.20%
802,2019-07-15,66.48,66.87,67.47,66.11,283.09K,-0.36%
803,2019-07-12,66.72,66.83,67.29,66.51,244.70K,0.30%
804,2019-07-11,66.52,66.81,67.65,66.43,283.02K,-0.73%
805,2019-07-10,67.01,64.78,67.12,64.63,349.51K,4.44%
806,2019-07-09,64.16,63.81,64.75,63.76,263.89K,0.08%
807,2019-07-08,64.11,64.34,65.14,63.79,253.82K,-0.19%
808,2019-07-05,64.23,63.27,64.52,62.91,203.54K,1.47%
809,2019-07-04,63.3,63.88,64.07,62.95,114.98K,-0.81%
810,2019-07-03,63.82,62.9,64.01,62.09,281.75K,2.28%
811,2019-07-02,62.4,64.8,65.51,62.22,386.94K,-4.09%
812,2019-07-01,65.06,65.05,66.75,64.22,361.41K,-2.24%
813,2019-06-28,66.55,66.51,66.84,66.08,34.62K,0.00%
814,2019-06-27,66.55,66.05,66.82,65.63,103.16K,0.09%
815,2019-06-26,66.49,65.8,66.85,65.6,141.95K,2.21%
816,2019-06-25,65.05,64.89,65.98,64.17,205.80K,0.29%
817,2019-06-24,64.86,65.5,65.79,64.08,217.44K,-0.52%
818,2019-06-21,65.2,64.86,65.76,64.0,257.92K,1.16%
819,2019-06-20,64.45,62.45,64.82,62.4,394.17K,4.25%
820,2019-06-19,61.82,62.4,62.55,61.4,320.06K,-0.51%
821,2019-06-18,62.14,60.93,62.84,60.25,327.70K,1.97%
822,2019-06-17,60.94,62.07,62.37,60.74,236.16K,-1.73%
823,2019-06-14,62.01,61.25,62.57,60.74,262.31K,1.14%
824,2019-06-13,61.31,59.94,62.64,59.78,435.42K,2.23%
825,2019-06-12,59.97,61.79,61.85,59.57,343.21K,-3.72%
826,2019-06-11,62.29,62.3,62.87,62.01,302.74K,0.00%
827,2019-06-10,62.29,63.58,64.1,62.05,278.49K,-1.58%
828,2019-06-07,63.29,62.4,63.59,61.77,307.96K,2.63%
829,2019-06-06,61.67,60.4,62.43,60.22,343.64K,1.72%
830,2019-06-05,60.63,61.58,62.27,59.45,428.01K,-2.16%
831,2019-06-04,61.97,61.0,62.12,60.21,370.27K,1.13%
832,2019-06-03,61.28,61.64,62.84,60.55,386.56K,-4.98%
833,2019-05-31,64.49,66.24,66.28,64.37,21.75K,-3.56%
834,2019-05-30,66.87,69.68,69.96,66.31,105.27K,-3.71%
835,2019-05-29,69.45,70.1,70.1,68.08,148.48K,-0.94%
836,2019-05-28,70.11,69.99,70.59,69.58,238.88K,0.00%
837,2019-05-27,70.11,69.15,70.23,68.53,72.18K,2.07%
838,2019-05-24,68.69,67.99,69.3,67.33,292.09K,1.37%
839,2019-05-23,67.76,70.86,70.97,67.02,434.54K,-4.55%
840,2019-05-22,70.99,71.91,72.04,70.42,371.52K,-1.65%
841,2019-05-21,72.18,72.15,72.52,71.63,303.74K,0.29%
842,2019-05-20,71.97,72.5,73.4,71.6,301.98K,-0.33%
843,2019-05-17,72.21,72.82,73.23,71.79,255.53K,-0.56%
844,2019-05-16,72.62,72.05,73.36,71.82,326.44K,1.18%
845,2019-05-15,71.77,70.9,72.25,70.42,272.44K,0.74%
846,2019-05-14,71.24,70.02,71.65,69.93,299.77K,1.44%
847,2019-05-13,70.23,70.83,72.58,69.72,373.47K,-0.55%
848,2019-05-10,70.62,70.45,71.23,70.18,300.46K,0.33%
849,2019-05-09,70.39,70.23,70.65,69.4,328.74K,0.03%
850,2019-05-08,70.37,69.88,70.7,69.33,295.44K,0.70%
851,2019-05-07,69.88,71.15,71.33,69.38,332.07K,-1.91%
852,2019-05-06,71.24,70.59,71.79,68.79,227.02K,0.55%
853,2019-05-03,70.85,70.48,71.54,69.95,249.81K,0.14%
854,2019-05-02,70.75,72.0,72.22,69.68,346.63K,-1.98%
855,2019-05-01,72.18,71.73,72.36,71.3,230.80K,-0.85%
856,2019-04-30,72.8,71.94,73.27,71.73,25.34K,1.05%
857,2019-04-29,72.04,71.56,72.5,71.06,147.41K,-0.15%
858,2019-04-26,72.15,74.2,74.42,71.3,222.89K,-2.96%
859,2019-04-25,74.35,74.46,75.6,74.0,309.21K,-0.30%
860,2019-04-24,74.57,74.27,74.73,74.02,276.67K,0.08%
861,2019-04-23,74.51,74.38,74.73,73.99,308.99K,0.63%
862,2019-04-22,74.04,71.93,74.52,71.86,305.17K,2.88%
863,2019-04-18,71.97,71.63,72.04,71.2,259.04K,0.49%
864,2019-04-17,71.62,71.83,72.27,71.45,276.61K,-0.14%
865,2019-04-16,71.72,71.21,71.95,70.74,273.90K,0.76%
866,2019-04-15,71.18,71.55,71.6,70.78,219.15K,-0.52%
867,2019-04-12,71.55,70.95,71.87,70.9,237.22K,1.02%
868,2019-04-11,70.83,71.56,71.68,70.57,278.09K,-1.25%
869,2019-04-10,71.73,70.82,71.78,70.57,288.89K,1.59%
870,2019-04-09,70.61,71.19,71.34,70.3,267.49K,-0.69%
871,2019-04-08,71.1,70.56,71.19,70.43,288.13K,1.08%
872,2019-04-05,70.34,69.13,70.48,68.92,263.87K,1.35%
873,2019-04-04,69.4,69.44,70.03,68.87,281.88K,0.13%
874,2019-04-03,69.31,69.47,69.96,68.8,341.50K,-0.09%
875,2019-04-02,69.37,69.22,69.58,68.69,299.30K,0.52%
876,2019-04-01,69.01,67.58,69.22,67.58,320.77K,0.91%
877,2019-03-29,68.39,68.01,68.89,67.81,20.62K,0.84%
878,2019-03-28,67.82,67.75,68.0,66.54,131.64K,-0.01%
879,2019-03-27,67.83,67.9,68.35,67.19,148.15K,-0.21%
880,2019-03-26,67.97,67.36,68.23,67.24,197.54K,1.13%
881,2019-03-25,67.21,67.0,67.65,66.36,216.76K,0.27%
882,2019-03-22,67.03,67.76,67.98,66.2,284.52K,-1.22%
883,2019-03-21,67.86,68.38,68.69,67.59,303.23K,-0.93%
884,2019-03-20,68.5,67.66,68.57,67.19,235.49K,1.32%
885,2019-03-19,67.61,67.49,68.2,67.13,234.14K,0.10%
886,2019-03-18,67.54,67.14,67.69,66.69,208.53K,0.57%
887,2019-03-15,67.16,67.18,67.71,66.13,254.32K,-0.10%
888,2019-03-14,67.23,67.65,68.14,67.03,235.99K,-0.47%
889,2019-03-13,67.55,66.91,67.76,66.7,243.20K,1.32%
890,2019-03-12,66.67,66.7,67.39,66.34,252.13K,0.14%
891,2019-03-11,66.58,65.76,66.75,65.63,247.81K,1.28%
892,2019-03-08,65.74,66.08,66.09,64.02,316.39K,-0.84%
893,2019-03-07,66.3,65.88,67.0,65.75,276.24K,0.47%
894,2019-03-06,65.99,65.49,66.18,65.22,283.20K,0.20%
895,2019-03-05,65.86,65.46,66.23,65.04,216.39K,0.29%
896,2019-03-04,65.67,64.97,66.34,64.93,233.54K,0.92%
897,2019-03-01,65.07,66.48,67.14,64.59,297.19K,-1.45%
898,2019-02-28,66.03,66.38,66.38,65.67,19.67K,-0.54%
899,2019-02-27,66.39,65.64,66.7,65.27,102.14K,1.81%
900,2019-02-26,65.21,64.79,65.74,64.32,127.60K,0.69%
901,2019-02-25,64.76,66.97,67.47,64.54,220.94K,-3.52%
902,2019-02-22,67.12,66.96,67.73,66.87,177.62K,0.07%
903,2019-02-21,67.07,67.05,67.31,66.69,245.86K,-0.01%
904,2019-02-20,67.08,66.3,67.38,65.63,276.48K,0.95%
905,2019-02-19,66.45,66.44,66.65,65.58,246.65K,-0.08%
906,2019-02-18,66.5,66.39,66.83,65.9,175.24K,0.38%
907,2019-02-15,66.25,64.86,66.39,64.42,294.49K,2.60%
908,2019-02-14,64.57,63.69,64.81,63.25,287.45K,1.51%
909,2019-02-13,63.61,62.7,63.98,62.69,269.68K,1.91%
910,2019-02-12,62.42,61.59,63.34,61.59,278.80K,1.48%
911,2019-02-11,61.51,62.11,62.34,60.9,280.96K,-0.95%
912,2019-02-08,62.1,61.66,62.36,61.04,254.95K,0.76%
913,2019-02-07,61.63,62.5,62.91,60.6,286.17K,-1.69%
914,2019-02-06,62.69,62.06,62.8,61.05,225.57K,1.15%
915,2019-02-05,61.98,62.64,63.02,61.72,215.36K,-0.85%
916,2019-02-04,62.51,62.83,63.63,61.28,297.43K,-0.38%
917,2019-02-01,62.75,61.06,62.97,60.46,267.22K,1.39%
918,2019-01-31,61.89,61.97,62.32,61.57,20.63K,0.39%
919,2019-01-30,61.65,61.26,62.67,61.04,90.93K,0.54%
920,2019-01-29,61.32,59.87,61.79,59.75,142.13K,2.32%
921,2019-01-28,59.93,61.49,61.69,59.49,214.19K,-2.77%
922,2019-01-25,61.64,61.13,61.92,60.7,218.03K,0.90%
923,2019-01-24,61.09,61.02,61.51,60.41,274.48K,-0.08%
924,2019-01-23,61.14,61.37,62.33,60.21,308.46K,-0.59%
925,2019-01-22,61.5,62.59,62.71,60.57,283.22K,-1.98%
926,2019-01-21,62.74,62.74,63.15,62.25,138.08K,0.06%
927,2019-01-18,62.7,61.33,63.0,61.32,288.91K,2.48%
928,2019-01-17,61.18,61.05,61.54,60.04,278.42K,-0.23%
929,2019-01-16,61.32,60.42,61.45,60.03,315.59K,1.12%
930,2019-01-15,60.64,59.36,60.86,59.11,234.36K,2.80%
931,2019-01-14,58.99,60.62,61.04,58.9,263.28K,-2.46%
932,2019-01-11,60.48,61.19,62.49,60.08,292.79K,-1.95%
933,2019-01-10,61.68,61.15,61.91,60.44,300.92K,0.39%
934,2019-01-09,61.44,59.15,61.69,59.05,329.05K,4.63%
935,2019-01-08,58.72,57.64,58.87,57.13,288.25K,2.42%
936,2019-01-07,57.33,57.41,58.93,57.26,296.58K,0.47%
937,2019-01-04,57.06,55.67,58.31,55.34,321.11K,1.98%
938,2019-01-03,55.95,54.29,56.3,53.93,278.36K,1.89%
939,2019-01-02,54.91,54.12,56.56,52.51,300.95K,2.06%
